package,name,composable,skippable,restartable,readonly,inline,isLambda,hasDefaults,defaultsGroup,groups,calls,
com.ysshin.cpaquiz.feature.quiz.presentation.ui.ClockPreview,ClockPreview,1,1,1,0,0,0,0,0,1,1,
com.ysshin.cpaquiz.feature.quiz.presentation.ui.Clock,Clock,1,1,1,0,0,0,0,0,1,1,
com.ysshin.cpaquiz.feature.quiz.presentation.ui.NoteRoute,NoteRoute,1,1,1,0,0,0,1,0,2,6,
com.ysshin.cpaquiz.feature.quiz.presentation.ui.NoteScreen,NoteScreen,1,0,1,0,0,0,0,0,1,9,
com.ysshin.cpaquiz.feature.quiz.presentation.ui.NoSelectedQuestionScreen,NoSelectedQuestionScreen,1,1,1,0,0,0,0,0,1,1,
com.ysshin.cpaquiz.feature.quiz.presentation.ui.NoteTopAppBar,NoteTopAppBar,1,0,1,0,0,0,0,0,1,1,
com.ysshin.cpaquiz.feature.quiz.presentation.ui.WrongNoteHeaderContent,WrongNoteHeaderContent,1,1,1,0,0,0,0,0,1,2,
com.ysshin.cpaquiz.feature.quiz.presentation.ui.TotalNoteHeaderContent,TotalNoteHeaderContent,1,1,1,0,0,0,0,0,1,2,
com.ysshin.cpaquiz.feature.quiz.presentation.ui.SearchedNoteHeaderContent,SearchedNoteHeaderContent,1,1,1,0,0,0,0,0,1,2,
com.ysshin.cpaquiz.feature.quiz.presentation.ui.NoteFilterMenuContent,NoteFilterMenuContent,1,0,1,0,0,0,0,0,3,17,
com.ysshin.cpaquiz.feature.quiz.presentation.ui.NoteFilterMenuContentDetail,NoteFilterMenuContentDetail,1,1,1,0,0,0,0,0,1,2,
com.ysshin.cpaquiz.feature.quiz.presentation.ui.NoteSearchMenuContent,NoteSearchMenuContent,1,1,1,0,0,0,0,0,1,11,
com.ysshin.cpaquiz.feature.quiz.presentation.ui.NoteTopMenu,NoteTopMenu,1,1,1,0,0,0,0,0,1,6,
com.ysshin.cpaquiz.feature.quiz.presentation.ui.NoteScreenViewPreview,NoteScreenViewPreview,1,1,1,0,0,0,0,0,1,1,
com.ysshin.cpaquiz.feature.quiz.presentation.ui.NoteScreenSearchPreview,NoteScreenSearchPreview,1,1,1,0,0,0,0,0,1,1,
com.ysshin.cpaquiz.feature.quiz.presentation.ui.QuestionScreen,QuestionScreen,1,1,1,0,0,0,1,0,2,29,
com.ysshin.cpaquiz.feature.quiz.presentation.ui.QuestionDetail,QuestionDetail,1,0,1,0,0,0,0,0,1,1,
com.ysshin.cpaquiz.feature.quiz.presentation.ui.QuestionDetailPreview,QuestionDetailPreview,1,1,1,0,0,0,0,0,1,1,
com.ysshin.cpaquiz.feature.quiz.presentation.ui.QuestionDetailHangeulPreview,QuestionDetailHangeulPreview,1,1,1,0,0,0,0,0,1,1,
com.ysshin.cpaquiz.feature.quiz.presentation.ui.QuestionTopAppBar,QuestionTopAppBar,1,1,1,0,0,0,0,0,1,1,
com.ysshin.cpaquiz.feature.quiz.presentation.ui.QuestionFloatingActionButton,QuestionFloatingActionButton,1,1,1,0,0,0,0,0,3,3,
com.ysshin.cpaquiz.feature.quiz.presentation.ui.QuestionTopAppBarPreview,QuestionTopAppBarPreview,1,1,1,0,0,0,0,0,1,1,
com.ysshin.cpaquiz.feature.quiz.presentation.ui.QuestionSummaryHeader,QuestionSummaryHeader,1,1,1,0,0,0,1,0,2,3,
com.ysshin.cpaquiz.feature.quiz.presentation.ui.QuestionSummaryContent,QuestionSummaryContent,1,0,1,0,0,0,0,0,2,2,
com.ysshin.cpaquiz.feature.quiz.presentation.ui.QuestionSummaryDivider,QuestionSummaryDivider,1,1,1,0,0,0,0,0,1,2,
com.ysshin.cpaquiz.feature.quiz.presentation.ui.QuizResultRoute,QuizResultRoute,1,1,1,0,0,0,1,0,2,5,
com.ysshin.cpaquiz.feature.quiz.presentation.ui.QuizResultScreen,QuizResultScreen,1,1,1,0,0,0,0,0,1,2,
com.ysshin.cpaquiz.feature.quiz.presentation.ui.QuizResultScreenPreview,QuizResultScreenPreview,1,1,1,0,0,0,0,0,1,1,
com.ysshin.cpaquiz.feature.quiz.presentation.ui.QuizResultTopAppBar,QuizResultTopAppBar,1,1,1,0,0,0,0,0,1,1,
